<?xml version="1.0" encoding="utf-8"?>
<extension type="component" version="3.0" method="upgrade">

	<name>Angular Tour Of Heroes</name>
	<!-- The following elements are optional and free of formatting constraints -->
	<creationDate>Sep 2018</creationDate>
	<author>Mahesh Natarajan</author>
	<authorEmail>mahesh.natarajan@meifoundation.org</authorEmail>
	<authorUrl>www.meifoundation.org</authorUrl>
	<copyright>Copyright Info</copyright>
	<license>License Info</license>
	<!--  The version string is recorded in the components table -->
	<version>0.0.1</version>
	<!-- The description is optional and defaults to the name -->
	<description>Angular 1st Example</description>

	<update> <!-- Runs on update; New since J2.5 -->
		<schemas>
			<schemapath type="mysql">sql/updates/mysql</schemapath>
		</schemas>
	</update>

	<!-- Site Main File Copy Section -->
	<!-- Note the folder attribute: This attribute describes the folder
		to copy FROM in the package to install therefore files copied
		in this section are copied from /site/ in the package -->
	<files folder="site">
		<filename>index.html</filename>
		<filename>helloworld.php</filename>
		<filename>3rdpartylicenses.txt</filename>
		<filename>favicon.ico</filename>
		<filename>main.js</filename>
		<filename>main.js.map</filename>
		<filename>polyfills.js</filename>
		<filename>polyfills.js.map</filename>
		<filename>runtime.js</filename>
		<filename>runtime.js.map</filename>
		<filename>styles.js</filename>
		<filename>styles.js.map</filename>
		<filename>vendor.js</filename>
		<filename>vendor.js.map</filename>	
</files>

	<administration>
		<!-- Administration Menu Section -->
		<menu link='index.php?option=com_angular_tour_of_heroes'>Angular Tour of Heroes</menu>
		<!-- Administration Main File Copy Section -->
		<!-- Note the folder attribute: This attribute describes the folder
			to copy FROM in the package to install therefore files copied
			in this section are copied from /admin/ in the package -->
		<files folder="admin">
			<!-- Admin Main File Copy Section -->
			<filename>index.html</filename>
			<filename>helloworld.php</filename>
			<!-- SQL files section -->
			<folder>sql</folder>
		</files>
	</administration>

</extension>